{
  "games": 5000,
  "mean_score": 235.1016,
  "median_score": 225.0,
  "std_score": 55.67972770623075,
  "min_score": 107,
  "max_score": 638,
  "over_200_rate": 0.7456,
  "over_240_rate": 0.3896,
  "over_250_rate": 0.3184,
  "elapsed_seconds": 30.365717399981804,
  "params": [
    1.0611846014861563,
    2.7428758848517374,
    0.41949924706096503,
    1.0074599173652605,
    30.070675309150605,
    7.512586282215372,
    17.422250075033922,
    39.533414489775346,
    18.65527741360018,
    9.679372199131967,
    20.17926849250382,
    12.063625737789819,
    35.265668656463944,
    24.309984195991685,
    5.675549144371098,
    5.350156963028343,
    0.9038259559933057
  ]
}