{
  "games": 10000,
  "mean_score": 236.2622,
  "median_score": 224.0,
  "std_score": 54.66183175818389,
  "min_score": 100,
  "max_score": 618,
  "over_200_rate": 0.7702,
  "over_240_rate": 0.3918,
  "over_250_rate": 0.3263,
  "elapsed_seconds": 55.875885100103915,
  "params": [
    0.8310567590937105,
    3.4210215049427384,
    0.31680622281223686,
    1.1172494029311397,
    15.128601288454753,
    7.452129285538736,
    9.165926523492638,
    39.28293255762246,
    37.40214903105981,
    11.713061184140457,
    17.456383508643903,
    11.368503096315578,
    32.670682019186415,
    56.225588585905754,
    8.900885374009574,
    5.9002514143832485,
    0.760347993592566
  ]
}