{
  "games": 100,
  "mean_score": 228.04,
  "median_score": 221.5,
  "std_score": 42.53584841048783,
  "min_score": 119,
  "max_score": 412,
  "over_200_rate": 0.68,
  "over_240_rate": 0.4,
  "over_250_rate": 0.31,
  "elapsed_seconds": 148.23414359998424,
  "params": [
    0.78,
    4.0,
    0.35,
    0.9,
    21.0,
    13.0,
    22.0,
    24.0,
    18.0,
    12.0,
    23.0,
    8.0,
    35.0,
    18.0,
    7.0,
    5.0,
    2.0
  ]
}