{
  "games": 200,
  "mean_score": 228.72,
  "median_score": 219.0,
  "std_score": 56.5614851290169,
  "min_score": 115,
  "max_score": 586,
  "over_200_rate": 0.72,
  "over_240_rate": 0.355,
  "over_250_rate": 0.29,
  "elapsed_seconds": 6.92177689995151,
  "params": [
    0.78,
    4.0,
    0.35,
    0.9,
    21.0,
    13.0,
    22.0,
    24.0,
    18.0,
    12.0,
    23.0,
    8.0,
    35.0,
    18.0,
    7.0,
    5.0,
    2.0
  ]
}