{
  "games": 200,
  "mean_score": 227.46,
  "median_score": 222.0,
  "std_score": 47.65751147510747,
  "min_score": 110,
  "max_score": 448,
  "over_200_rate": 0.76,
  "over_240_rate": 0.345,
  "over_250_rate": 0.265,
  "elapsed_seconds": 294.90820740000345,
  "params": [
    0.78,
    4.0,
    0.35,
    0.9,
    21.0,
    13.0,
    22.0,
    24.0,
    18.0,
    12.0,
    23.0,
    8.0,
    35.0,
    18.0,
    7.0,
    5.0,
    2.0
  ]
}